{
    "guides": [{
            "name": "Honda Metro Scooter",
            "photo": "",
            "maxPersons": "1",
            "halfDays": "half day",
            "fullDays": "full day",
            "price": "$20"
        },
        {
            "name": "Honda Pioneer ATV",
            "photo": "",
            "maxPersons": "4",
            "halfDays": "half day",
            "fullDays": "full day",
            "price": "$50"
        },
        {
            "name": "Jeep Wrangler - 4 door a/c",
            "photo": "",
            "maxPersons": "5",
            "halfDays": "half day",
            "fullDays": "full day",
            "price": "$70"
        },
        {
            "name": "Honda PCX150 Scooter",
            "photo": "",
            "maxPersons": "2",
            "halfDays": "half day",
            "fullDays": "full day",
            "price": "$40"
        },
        {
            "name": "Honda Dio Scooter",
            "photo": "",
            "maxPersons": "2",
            "halfDays": "half day",
            "fullDays": "full day",
            "price": "$30"
        },
        {
            "name": "Jeep Wrangler - 2 door",
            "photo": "",
            "maxPersons": "4",
            "halfDays": "half day",
            "fullDays": "full day",
            "price": "$60"
        }               
    ] 
}